recordID,Course,Course_ID,Topic_List_App,Topic_ID_App,Scheduling_R3,Grade_Filter,Grade_Text,Program_Description_R3,Combining&PlacementTips_R3,Subject,Resource_Assignments
recok2wjOlbrPd2oh,Architecture: Grades 7-8,002.007.001,,,1 time/week 30 min * â¬”,"G7, G8,",GRADE(S): 7-8,"Students study architecture from the time period 1800-1900. Students will also spend time in each lesson drawing in their journals. The study of architecture helps students visualize what life was like for people in the past and how they went about their daily lives. Architecture also helps students have a greater appreciation for what makes homes and buildings structurally sound and aesthetically pleasing.
","Could be modified easily for students in Grades 5-6 if combining students.
",Architecture,
recbffM9zHurHapsq,Architecture: Grades 9-12,002.009.003,,,1 time/week 30 min * â˜,"G9, G10, G11, G12,",GRADE(S): 9-12,"Students study famous buildings from 1800-1900 and 100 BC-350 AD.
","Suitable for Grade 8 students with minimal adjustment if combining.
",Architecture,
recR8JMqdSmRHsqIq,Art: Level 1,003.002.001,,,2 times/week 20 min * ðŸ…ƒ,"G1,",GRADE(S): 1+,"Skills Focus: Students learn â€œto see correctly, to set down truthfully and freely the facts seen, and to store the mind with definite mental images for future referenceâ€ (Glass 13). Draw using large arm movements- differentiating between writing and drawing skills. Be introduced to silhouettes and observational drawing. Begin understanding the medium of soft pastels. Foundational concepts in painting such as proper brush etiquette, drawing with a brush through simple brush forms, and controlling watercolor. Students will also learn basic color theory such as color mixing. Skills covered are foundational to all preceding visual art skills.
","If students are in Grade 5 and below and have not had formal art lessons, they should begin with Level 1. However, those with prior art knowledge can take the Level 1-3 fast-track lessons and then continue with Level 4.
",Art,"001.001.002*Drawing, Design, and Craft-Work->Art: Level 1|002.001.001*Brushwork: Elementary Brush-Forms->Art: Level 1"
rec8uExmrd5iccO3z,Art: Level 2,003.002.002,,,2 times/week 20 min * ðŸ…ƒ,"G2,",GRADE(S): 2+,"Skills Focus: New concepts covered are understanding design elements, the principle of proportion, and drawing cylindrical objects. Continue to use and understand the medium of soft pastels. Deeper study of color theory includes contrast, complementary colors, mixing colors, and changing values. Continue to build on understanding and manipulating watercolor. Build confidence and understanding in observation and communication that will translate across the curriculum.
","If students are in grade 5 and below and have not had formal art lessons, they should begin with Level 1. However, those with prior art knowledge can take the Level 1-3 fast-track lessons and then continue with Level 4. See course descriptions for specific content covered at each level.

Prerequisite: Level 1 or appropriate skill proficiency.
",Art,"002.001.001*Brushwork: Elementary Brush-Forms->Art: Level 2|003.001.002*Drawing, Design, and Craft-Work->Art: Level 2"
recdpbKpVIwfvRcIw,Art: Level 3,003.002.003,,,2 times/week 20 min * ðŸ…ƒ,"G3,",GRADE(S): 3+,"Skills Focus: Students continue to strengthen their brush forms and apply those forms to different plant and animal images, moving from copying the book to using the mind's eye and trained hand to create their pieces of art. Students continue to strengthen their color theory through value scales and monochromatic painting with watercolors, acrylic paint, and pastels. In drawing, students study the design principle of proportion and begin learning perspective through the study of ellipses with many opportunities to apply this understanding through drawing and other projects.
","If students are in grade 5 and below and have not had formal art lessons, they should begin with Level 1. However, those with prior art knowledge can take the Level 1-3 fast-track lessons and then continue with Level 4.

Prerequisite: Level 2 or appropriate skill proficiency.
",Art,"001.001.000*Brushwork: Elementary Brush-Forms->Art: Level 3|003.001.000*Drawing, Design, and Craft-Work->Art: Level 3"
recA4fE7pd3FiQRra,Art: Level 4,003.002.004,,,2 times/week 30 min * ðŸ…ƒ,"G4,",GRADE(S): 4+,"Skills Focus: New skills are introduced are simple perspective, landscape drawing, light source, shadows, tonal variations, and using a drawing board. Charcoal is introduced as a new medium. Mathematical drawing is explored through tessellations. More complex color theory with tertiary and complementary colors, an expanded color wheel, mixing browns, and value change in color. New watercolor skills: wash, graduated wash, and lifting. Continue strengthening skills with soft pastels. Brush drawing assignments span the year as opposed to one term.
","If students are in grade 5 and below and have not had formal art lessons, they should begin with Level 1. However, those with prior art knowledge can take the Level 1-3 fast-track lessons and then continue with Level 4.

Prerequisite: Level 3 or appropriate skill proficiency.
",Art,"001.001.000*Drawing, Design, and Craft-Work->Art: Level 4|002.001.000*Brush Drawing as Applied to Natural Forms and Common Objects->Art: Level 4"
recCd8bct7Z4Mo7l6,Art: Level 5,003.002.005,,,2 times/week 30 min * â¬”,"G5,",GRADE(S): 5+,"Skills Focus: Learn design elements; shape, line, form, etc., using an eraser as a drawing tool, and geometrical object drawing through drawing landscapes and still lifes. Begin learning to draw the human figure in action as well as facial proportions, and drawing the human bust. Continue with color theory; learn how adding neutral brings down the intensity of a color and create multiple shades of a color. Apply color theory through projects. Strengthen brush drawing and watercolor skills through projects. New watercolor technique of layering.
","If students are in grade 5 and below and have not had formal art lessons, they should begin with Level 1. However, those with prior art knowledge can take the Level 1-3 fast-track lessons and then continue with Level 4. 

Prerequisite: Level 4 or appropriate skill proficiency.
",Art,"002.001.000*Drawing, Design, and Craft-Work->Art: Level 5|003.001.000*Brush Drawing as Applied to Natural Forms and Common Objects->Art: Level 5"
recye8V0ApzYVtUmK,Art: Level 6,003.002.006,,,2 times/week 30 min * â¬”,"G6,",GRADE(S): 6+,"Skills Focus: Practice applying drawing skills with the brush and watercolor techniques. Practice underpainting. Grow in watercolor abilities by continued practice. Draw spheres, study body proportions, foreshortening, curvature, overlapping, texture drawing, and highlighting. Color theory: notan, contrast, monochrome, color studies, and circular value scales.
","If students are in grade 6-8, they should begin with the fast-track lessons and then move on to Level 4. 

Prerequisite: Level 5 or appropriate skill proficiency.
",Art,"001.001.000*Brush Drawing as Applied to Natural Forms and Common Objects->Art: Level 6|001.001.000*Drawing, Design, and Craft-Work->Art: Level 6"
recPbX2lDJKZ0THU4,Art: Level 7,003.002.007,,,2 times/week 45 min _ â˜,"G7,",GRADE(S): 7+,"Skills Focus: Learn a new color wheel by introducing new primary colors, mixing new browns, as well as understanding and applying color intensity and color tone. Continue mastering watercolor skills through brush drawing projects as well as learning the salt technique. Focus on composition and applying texture and tonal value to still life drawing using specific light sources. Revisit all of the basics with the new medium of graphite.
","If students are in grade 6 or above, they should begin with the fast-track lessons and then move on to Level 4. 

Prerequisite: Level 6 or appropriate skill proficiency.
",Art,"002.001.000*Brush Drawing as Applied to Natural Forms and Common Objects->Art: Level 7|002.001.000*Drawing, Design, and Craft-Work->Art: Level 7"
rec73ywJXe1HmioMu,Art: Level 8,003.002.008,,,2 times/week 45 min _ â˜,"G8, G9, G10, G11, G12,",GRADE(S): 8-12,"Skills Focus: Continue in the new expanded color wheel, as well as learn about contrasting colors, color charting, split complements, and analogous colors. Learn and apply new ways to create texture and value through hatching and stippling. Understand pointillism. Continue working on portraiture. Understand how to paint light in watercolor and continue to strengthen watercolor skills.
","If students are in grade 6 or above, they should begin with the fast-track lessons and then move on to Level 4. 

Prerequisite: Level 7 or appropriate skill proficiency.
",Art,"000.001.000*Drawing, Design, and Craft-Work->Art: Level 8"
recUHZPvHg9t7Ksvw,Art: Fast Track,003.003.005,,,2 times/week 30 min * ðŸ…ƒ,"G5, G6, G7, G8,",GRADE(S): 5-8,"An accelerated course through art concepts covered in Art Levels 1-3.
","If students are in grade 6 or above or have prior experience with art, they should begin with the fast-track lessons and then move on to Level 4 Art.
",Art,"002.001.000*Drawing, Design, and Craft-Work->Art: Fast Track|003.001.000*Brushwork: Elementary Brush-Forms->Art: Fast Track"
rec6MBLqzC1D2dewf,Art: High School Fast Track,003.003.009,,,2 times/week 45 min _ ,"G9, G10, G11, G12,",GRADE(S): 9-12,"This High School Fast Track for Art Lessons is designed for students with minimal background in Art and/or just beginning Alveary during the high school years. Students will complete all previous eight levels of art lessons in a fast-paced sequence. Students will need a variety of art materials on hand to successfully complete this course.
","Students can slow down the pace of lessons to their own pace and spread the course over multiple years if desired. Because of this flexibility, younger students interested in art could also choose to take this course instead of the Fast Track for lower grades.
",Art,"001.001.000*Drawing, Design, and Craft-Work->Art: High School Fast Track|002.001.000*Color: A Course in Mastering the Art of Mixing Colors->Art: High School Fast Track|003.001.000*Brush Drawing as Applied to Natural Forms and Common Objects->Art: High School Fast Track"
recpmAVPZE4aoIEGv,Picture Study,003.005.001,,,"1 time/week 10 min * ðŸ…ƒ (Grades 1-3)
1 time/week 15 min * ðŸ…ƒ (Grades 4-6)
1 time/week 20 min * ðŸ…ƒ (Grades 7-8)
1 time/week 20 min *or_ ðŸ…ƒ (Grades 9-12)","G1, G2, G3, G4, G5, G6, G7, G8, G9, G10, G11, G12,",GRADE(S): 1-12,"Students study art from 1800-1900. The lesson plans include discussion prompts that tie the artwork to what is being learned in Art Instruction, and other books and resources help students further their relationship with the art studied and consider how art intersects with the large questions of life.
","There is one set of lesson plans for students in all grades, which makes this an ideal course to study in a multi-age setting. All lessons begin the same, but extensions increase the length and sophistication of the content.
",Art,001.003.000*Our Work: Grades 1-2->Picture Study|001.003.000*Our Work: Grade 3->Picture Study|001.003.000*Our Work: Grades 4-6->Picture Study|001.003.000*Our Work: Grades 7-8->Picture Study|001.003.000*Our Work: Grades 9-12->Picture Study|001.003.000*Art Print Set->Picture Study
recIOls4bTrh0o2bL,Art History,003.006.009,,,2 times/week 45 min * ,"G9, G10, G11, G12,",GRADE(S): 9-12,"This is a High School elective course. Students study Art History through hands-on projects. Each term will focus on a different breadth of history and the art that was important to that time, bringing together and putting in chronological order many of the art pieces we have studied during Picture Study. Each term, students will be assigned four to six projects based on the history they are surveying. The projects will range from sculpture to fresco to abstract painting. Students will need a variety of art materials on hand to successfully complete this course.
","Suitable for interested 8th graders, though concepts are better understood with greater age development. No prior Art Instruction or Picture Study experience is required to complete this course.
",Art,001.001.000*The Arts: A Visual Encyclopedia->Art History|001.001.000*Children's Book of Art->Art History
rec5SUWoHylzXH7Jk,Bible: Grade 1,004.001.001,"Bible Stories, Church History: Grades 1-3","004.001.001.001, 004.001.001.003",,"G1,",GRADE(S): 1,"
","
",Bible,
recIQ1H7dpfBeJMV8,Bible: Grade 2,004.002.001,"Old Testament: Grade 2, New Testament: Grade 2, Church History: Grades 1-3","004.002.001.001, 004.002.001.002, 004.001.001.003",,"G2,",GRADE(S): 2,"
","
",Bible,
recwmIzmYdzWW44N9,Bible: Grade 3,004.003.001,"Old Testament: Grades 3-6, New Testament: Grades 3-6, Church History: Grades 1-3","004.003.001.001, 004.003.001.002, 004.001.001.003",,"G3,",GRADE(S): 3,,,Bible,
recETS60so3nNTlXI,Bible: Grades 4-6,004.004.001,"Old Testament: Grades 3-6, New Testament: Grades 3-6, Church History: Grades 4-6","004.003.001.001, 004.003.001.002, 004.004.001.003",,"G4, G5, G6,",GRADE(S): 4-6,,,Bible,
recb0F64ILgQgrduv,Bible: Grades 7-8,004.007.001,"Old Testament: Grades 7-12, New Testament: Grades 7-8, Church History: Grades 7-9, Spiritual Formation: Grades 7-8","004.007.001.001, 004.007.001.002, 004.007.001.003, 004.007.001.005",,"G7, G8,",GRADE(S): 7-8,"
","
",Bible,
reciCGI1usCHn3zuP,Bible: Grade 9,004.009.001,"Old Testament: Grades 7-12, New Testament: Grade 9, Church History: Grades 7-9, Bible History: Grade 9","004.007.001.001, 004.009.001.002, 004.007.001.003, 004.009.001.006",,"G9,",GRADE(S): 9,"
","
",Bible,
recK4WumjdpFqO8pD,Bible: Grades 10-11,004.010.001,"Old Testament: Grades 7-12, New Testament: Grades 10-11, Church History: Grades 10-12, Spiritual Formation: Grades 10-11","004.007.001.001, 004.010.001.002, 004.010.001.003, 004.010.001.005",,"G10, G11,",GRADE(S): 10-11,"
",,Bible,
recUpR7zJsY8Jnpj6,Bible: Grade 12,004.012.001,"Old Testament: Grades 7-12, New Testament: Grade 12, Church History: Grades 10-12, Spiritual Formation: Grade 12","004.007.001.001, 004.012.001.002, 004.010.001.003, 004.012.001.005",,"G12,",GRADE(S): 12,"
",,Bible,
reczerMKaBdxfhOtI,Citizenship: Grade 4,005.004.001,"First Citizen Stories, Community Read Alouds: Grades 1-12","005.004.001.001, 011.001.001.011",,"G4,",GRADE(S): 4,"
","
",Citizenship,
recLgCbF51jHg5u4Q,Citizenship: Grade 5,005.005.001,"Plutarch: Beginner Track, Current Events: Grades 5-8, Community Read Alouds: Grades 1-12","005.005.001.001, 005.005.001.005, 011.001.001.011",,"G5,",GRADE(S): 5,,,Citizenship,
rec52efxcB4N98hgR,Citizenship: Grade 6,005.006.001,"Plutarch: Grades 6-8, Current Events: Grades 5-8, Community Read Alouds: Grades 1-12","005.006.001.001, 005.005.001.005, 011.001.001.011",,"G6,",GRADE(S): 6,,,Citizenship,
recCRnZ3pIrchVLlT,Citizenship: Grade 7 (U.S.),005.007.001,"Plutarch: Grades 6-8, American Government: Grade 7, Ethics: Part 1, Current Events: Grades 5-8, Community Read Alouds: Grades 1-12","005.006.001.001, 005.007.001.002, 005.007.001.003, 005.005.001.005, 011.001.001.011",,"G7,",GRADE(S): 7,,,Citizenship,
recfFCbHI6HMBqSBE,Citizenship: Grade 7 (Canada),005.007.002,"Plutarch: Grades 6-8, Canadian Government: Grade 7, Ethics: Part 1, Current Events: Grades 5-8, Community Read Alouds: Grades 1-12","005.006.001.001, 005.007.002.002, 005.007.001.003, 005.005.001.005, 011.001.001.011",,"G7,",GRADE(S): 7,"
","
",Citizenship,
recCQWoF8yby9Gstl,Citizenship: Grade 8 (U.S.),005.008.001,"Plutarch: Grades 6-8, American Gov./ Economics: Grade 8, Ethics: Part 2, Current Events: Grades 5-8, Community Read Alouds: Grades 1-12","005.006.001.001, 005.008.001.002, 005.008.001.003, 005.005.001.005, 011.001.001.011",,"G8,",GRADE(S): 8,"
","
",Citizenship,
rec3zUhQr36iadk2c,Citizenship: Grade 8 (Canada),005.008.002,"Plutarch: Grades 6-8, Canadian Gov./ Economics: Grade 8, Ethics: Part 2, Current Events: Grades 5-8, Community Read Alouds: Grades 1-12","005.006.001.001, 005.008.002.002, 005.008.001.003, 005.005.001.005, 011.001.001.011",,"G8,",GRADE(S): 8,"
","
",Citizenship,
recxrKWxJawZZuwO6,Citizenship: Grade 9,005.009.000,"Plutarch/Government: Grade 9, Ethics: Part 3, Current Events: Grades 9-12, Community Read Alouds: Grades 1-12","005.009.000.001, 005.009.000.003, 005.009.000.005, 011.001.001.011",,"G9,",GRADE(S): 9,"
","
",Citizenship,
recobmjkpvcdfJxXH,Citizenship: Grade 10,005.010.001,"Econ/ Civics: Grade 10, Ethics: Part 4, Current Events: Grades 9-12, Community Read Alouds: Grades 1-12","005.010.001.002, 005.010.001.003, 005.009.000.005, 011.001.001.011",,"G10,",GRADE(S): 10,"
","
",Citizenship,
recMffw1b5QgBwvEl,Citizenship: Grade 11,005.011.001,"Econ/ Civics: Grade 11, Ethics: Part 5, Current Events: Grades 9-12, Community Read Alouds: Grades 1-12","005.011.001.002, 005.011.001.003, 005.009.000.005, 011.001.001.011",,"G11,",GRADE(S): 11,"
","
",Citizenship,
rec3ENdR6OOp4bNWw,Citizenship: Grade 12,005.012.001,"Econ/ Civics: Grade 12, Ethics: Grade 12, Current Events: Grades 9-12, Community Read Alouds: Grades 1-12","005.012.001.002, 005.012.001.004, 005.009.000.005, 011.001.001.011",,"G12,",GRADE(S): 12,"
",,Citizenship,
rec7VealMCWCQdr30,Language Study: Grade 1,006.001.001,"Reading Level 1, Penmanship & Copywork: Grade 1","006.001.001.001, 006.001.001.005",,"G1,",GRADE(S): 1,"
","
",English,
recV8AeQe61SiWsp9,Language Study: Grade 2,006.001.002,"Reading Level 2, Penmanship & Copywork: Grade 2","006.001.002.001, 006.001.002.005",,"G2,",GRADE(S): 2,"
","
",English,
recjS0ICLL8DA93jm,Language Study: Grade 3,006.001.003,"Reading Level 3, Penmanship & Copywork: Grade 3, Written Narration: Grade 3","006.001.003.001, 006.001.003.004, 006.001.003.005",,"G3,",GRADE(S): 3,"
","
",English,
recozdGjleqb46Dtm,Language Study: Grade 4,006.001.004,"Grammar: Grade 4, Dictation: Grade 4, Penmanship & Copywork: Grade 4, Written Narration: Grade 4","006.001.004.002, 006.001.004.003, 006.001.004.004, 006.001.004.005",,"G4,",GRADE(S): 4,"
","Grade 4 students who did not complete all three levels of the Alveary Reading Lessons, who are having difficulty with spelling, who cannot read well enough to narrate, or who make more than 10 errors in a 100-word passage should continue the reading lessons while the teacher dials back on the amount of reading required in other subjects.
",English,
rec6FuB0jPUtQ0dZT,Language Study: Grade 5,006.001.005,"Grammar: Grade 5, Dictation: Grade 5, Penmanship & Copywork: Grade 5, Written Narration: Grade 5","006.001.005.002, 006.001.005.003, 006.001.005.004, 006.001.005.005",,"G5,",GRADE(S): 5,"
","
",English,
recVYrtvG5Zep6XCc,Language Study: Grade 6,006.001.006,"Grammar: Grade 6, Dictation: Grade 6, Penmanship & Copywork: Grade 6, Written Narration: Grade 6","006.001.006.002, 006.001.006.003, 006.001.006.004, 006.001.006.005",,"G6,",GRADE(S): 6,"
","
",English,
recq5GiLldMnyhmk8,Language Study: Grade 7,006.001.007,"Written Narration: Grade 7, Grammar/Comp: Grade 7, Dictation: Grade 7, Copywork: Grade 7","006.001.007.000, 006.001.007.002, 006.001.007.003, 006.001.007.005",,"G7,",GRADE(S): 7,"
","
",English,
recqnSJpyczoUhkxf,Language Study: Grade 8,006.001.008,"Written Narration: Grade 8, Grammar/Comp: Grade 8, Dictation: Grade 8, Copywork: Grade 8","006.001.008.000, 006.001.008.002, 006.001.008.003, 006.001.008.005",,"G8,",GRADE(S): 8,"
","
",English,
rec9h7PAcPcPasRGf,Language Study: Grade 9,006.001.009,"Grammar/ Comp: Grade 9, Dictation: Grade 9, Commonplace: Grades 9-12","006.001.009.002, 006.001.009.003, 006.001.009.005",,"G9,",GRADE(S): 9,"
","
",English,
reciJStPWnMeY7ku4,Language Study: Grade 10,006.001.010,"Grammar: Grade 10, Composition: Grade 10, Commonplace: Grades 9-12","006.001.010.002, 006.001.010.004, 006.001.009.005",,"G10,",GRADE(S): 10,"
","
",English,
recYI0GeDsrusfcUg,Language Study: Grade 11,006.001.011,"Composition: Grade 11, Commonplace: Grades 9-12","006.001.011.004, 006.001.009.005",,"G11,",GRADE(S): 11,"
",,English,
recvw8fHm1PCFhD0Q,Language Study: Grade 12,006.001.012,"Composition: Grade 12, Commonplace: Grades 9-12","006.001.012.004, 006.001.009.005",,"G12,",GRADE(S): 12,"
",,English,
rec8Foy62PwJsICp8,Recitation: Grades 1-2,006.005.001,,,5 times/week 10 min * ðŸ…ƒ,"G1, G2,",GRADE(S): 1-2,"Each term, recite from memory or read beautifully 1 hymn, 1 Old Testament passage, 1 New Testament passage, 1 Psalm, and 1 poem. 
",,English,001.003.000*Our Work: Grades 1-2->Recitation: Grades 1-2
recUugNdM1YucXcfA,Recitation: Grade 3,006.005.003,,,5 times/week 10 min * ðŸ…ƒ,"G3,",GRADE(S): 3,"Each term, recite from memory or read beautifully 1 Hymn, 1 Old Testament passage, 1 New Testament passage, 1 Psalm, and 1 Poem.
","Except for some Bible passages, recitation selections are shared with Grades 1-2.
",English,001.003.000*Our Work: Grade 3->Recitation: Grade 3
recbHf0MqLbILcfsB,Recitation: Grades 4-6,006.005.004,,,5 times/week 10 min * â¬”,"G4, G5, G6,",GRADE(S): 4-6,"Each term, recite from memory or read beautifully 1 hymn, 1 Old Testament passage, 1 New Testament passage, 1 Psalm, and 1 poem or Shakespeare passage.
",,English,001.003.000*Our Work: Grades 4-6->Recitation: Grades 4-6
rec0ri2ewc41LcepJ,Recitation: Grades 7-8,006.005.007,,,5 times/week 10 min *or_ â˜,"G7, G8,",GRADE(S): 7-8,"Each term, recite from memory or read beautifully 1 hymn, 1 Old Testament passage, 1 New Testament passage, 1 Psalm, and 1 poem or Shakespeare passage.
","Students new to recitation may want to choose shorter passages or use those in Grades 4-6.
",English,001.003.000*Our Work: Grades 7-8->Recitation: Grades 7-8
recDDytb3Slu8fXF2,Recitation: Grade 9,006.005.009,,,3 times/week 10 min *or_ ,"G9,",GRADE(S): 9,"Each term, recite from memory or read beautifully 1 hymn, 1 Old Testament passage, 1 New Testament passage, 1 Psalm, and 1 poem or Shakespeare passage.
",,English,001.003.000*Our Work: Grades 9-12->Recitation: Grade 9
recnP198FoIW9MXSu,Recitation: Grade 12,006.005.012,,,3 times/week 10 min *or_ ,"G12,",GRADE(S): 12,"Each term, recite from memory or read beautifully 1 hymn, 1 Old Testament passage, 1 New Testament passage, 1 Psalm, and 1 poem or Shakespeare passage.
",,English,001.003.000*Our Work: Grades 9-12->Recitation: Grade 12
rec9fXNGxN5UAt46h,Geography: Grade 1,007.001.001,,,2 times/week 15 min * ðŸ…ƒ,"G1,",GRADE(S): 1,"Discover the earthâ€™s continents, the changing seasons, latitude and longitude, map-making, and topographical features. Use a globe, wall maps, and models to explore the concept of place by taking an in-depth look at â€œhomeâ€ in North America. Students make models and maps of places that are important to them such as their room, home, and yard.
","All students in Grade 1 should take this course. Students in Grades 2-3 who have never studied geography may also benefit, though they could likely work at a faster pace.
",Geography,001.001.000*Elementary Geography->Geography: Grade 1|001.001.000*Me on the Map->Geography: Grade 1|001.001.000*What Makes Day and Night->Geography: Grade 1|001.002.000*United States Atlas 7th Ed.->Geography: Grade 1|002.001.000*The Reasons for Seasons->Geography: Grade 1|003.001.000*Down Comes the Rain->Geography: Grade 1
recyqXBP4TluYd1hZ,Geography: Grade 2 (U.S.),007.002.001,,,2 times/week 20 min * ðŸ…ƒ,"G2,",GRADE(S): 2,"Join the Page family as they travel from California to Washington, D.C. While this story is set in the U.S.A., the point of the book is really to explore basic geography concepts such as landforms, water bodies, maps, and regions, so it is suitable for students from any nation. Students use the globe, atlases, and models. Students also make models and draw maps of places important to them such as their neighborhood.
","This course progresses chronologically over two years. Students who did not take Geography Foundations may wish to incorporate those lessons into the afternoons. This course is intended as a precursor to Grade 3; however, the levels may be reversed in order to combine students.
",Geography,001.001.000*50 Adventures in the 50 States->Geography: Grade 2 (U.S.)|001.001.000*Cross Country: Geography for Children->Geography: Grade 2 (U.S.)|001.001.000*Making Your Own Maps->Geography: Grade 2 (U.S.)|001.001.000*Redwoods->Geography: Grade 2 (U.S.)|001.002.000*United States Atlas 7th Ed.->Geography: Grade 2 (U.S.)|003.002.000*Student World Atlas 6th Ed.->Geography: Grade 2 (U.S.)
recqv7ncp4qei07K0,Geography: Grade 2 (Canada),007.002.002,,,2 times/week 20 min * ðŸ…ƒ,"G2,",GRADE(S): 2,"Explore each region of Canada, its geological features, cultural geography, symbols, and varied ecosystems. Along the way, students practice their mapping skills by making models and drawing places local to them, such as their neighborhood.
","Students who did not take Geography Foundations may wish to incorporate those lessons into the afternoons.
",Geography,
recydvGZUJZVjPvQy,Geography: Grade 3 (U.S.),007.003.001,,,2 times/week 20 min * ðŸ…ƒ,"G3,",GRADE(S): 3,"Join the Page family as they travel from California to Washington, D.C. While this story is set in the U.S.A., the point of the book is really to explore basic geography concepts such as landforms, water bodies, maps, and regions, so it is suitable for students from any nation. Students use the globe, atlases, and models. Students also make models and draw maps of places important to them such as their neighborhood.
","This course progresses chronologically over two years. Students who did not take Geography Foundations may wish to incorporate those lessons into the afternoons. This course is intended to follow Grade 2; however, the levels may be reversed in order to combine students.
",Geography,001.001.000*50 Adventures in the 50 States->Geography: Grade 3 (U.S.)|001.001.000*Cross Country: Geography for Children->Geography: Grade 3 (U.S.)|001.002.000*United States Atlas 7th Ed.->Geography: Grade 3 (U.S.)|001.002.000*Student World Atlas 6th Ed.->Geography: Grade 3 (U.S.)|002.001.000*Grandma Gatewood Hikes the Appalachian Trail->Geography: Grade 3 (U.S.)
reccEm8T5hzKrWrUH,Geography: Grade 3 (Canada),007.003.002,,,2 times/week 20 min * ðŸ…ƒ,"G3,",GRADE(S): 3,"Explore each region of Canada, its geological features, cultural geography, symbols, and varied ecosystems. Along the way, students practice their mapping skills by making models and drawing places local to them, such as their neighborhood.
","Students who did not take Geography Foundations may wish to incorporate those lessons into the afternoons.
",Geography,
recJBESg40pUPf6Wl,Geography: Grades 4-6,007.004.001,,,2 times/week 25 min * ðŸ…ƒ,"G4, G5, G6,",GRADE(S): 4-6,"Travel along rivers, across continents, and along trade routes significant during this year's time period (1800-1900). Explore the physical and human geography (including economy and culture) of each region through reading, map work, and models. Students will also engage in map activities that focus on their local region.
","This course is the same for 4th-6th graders. Lesson plans may include more advanced map skills for older students.
",Geography,001.002.000*Student World Atlas 6th Ed.->Geography: Grades 4-6|001.003.000*David Livingstone: African Explorer->Geography: Grades 4-6|001.003.000*Africa Is Not a Country->Geography: Grades 4-6
recLpfY3HoY8mk9rj,Geography: Grade 7 (U.S.),007.007.001,,,2 times/week 30 min * ðŸ…ƒ,"G7,",GRADE(S): 7,"Students read about the story of cartography from ancient Mesopotamia up through the discovery of Antarctica in the late 1800s and draw maps along the way. The course finishes with a term of historical geography where students follow the steps of travelers from the 19th century.
","The first two terms are the same every year and shared between both US and Canadian courses. Term 3 changes for each historical time period.
",Geography,001.002.000*Student World Atlas 6th Ed.->Geography: Grade 7 (U.S.)|001.002.000*United States Atlas 7th Ed.->Geography: Grade 7 (U.S.)|001.002.000*Mapping the World with Art->Geography: Grade 7 (U.S.)|003.003.000*This Strange Wilderness: The Life and Art of John James Audubon->Geography: Grade 7 (U.S.)
recaxw6Mq2gCdvmgM,Geography: Grade 7 (Canada),007.007.002,,,2 times/week 30 min * ðŸ…ƒ,"G7,",GRADE(S): 7,"Students read about the story of cartography from ancient Mesopotamia up through the discovery of Antarctica in the late 1800s and draw maps along the way. The course finishes with a term of historical geography where students follow the steps of Canadian explorers from the 19th century and learn about Canadian provinces through map work.
","The first two terms are the same every year and shared between both US and Canadian courses. Term 3 brings in resources from the historical time period and is specific to Canadian students.
",Geography,001.002.000*Mapping the World with Art->Geography: Grade 7 (Canada)|003.002.000*Canadian Student Atlas->Geography: Grade 7 (Canada)
recSTL1mmHDECHmkV,Geography: Grade 8 (U.S.),007.008.001,,,2 times/week 30 min * ðŸ…ƒ,"G8,",GRADE(S): 8,"Students focus on world and US geography using maps, illustrations, and historical narratives about travelers during the 19th century. 
","This course is different for each of the historical time periods, but always retains a topical focus on US geography.
",Geography,001.002.000*Our States Have Crazy Shapes->Geography: Grade 8 (U.S.)|001.002.000*United States Atlas 7th Ed.->Geography: Grade 8 (U.S.)|001.002.000*Student World Atlas 6th Ed.->Geography: Grade 8 (U.S.)|003.003.000*This Strange Wilderness: The Life and Art of John James Audubon->Geography: Grade 8 (U.S.)
recHQZWVSdpqXAUwK,Geography: Grade 8 (Canada),007.008.002,,,2 times/week 30 min * ðŸ…ƒ,"G8,",GRADE(S): 8,"Students study various natural features of Canada's provinces and territories and create a detailed, illustrated map over the course of the year. They also read a travelogue from the year's historical period.
","The Canadian mapping exercises are the same each year, but the reading component changes for each of the historical time periods.
",Geography,001.002.000*Canadian Student Atlas->Geography: Grade 8 (Canada)
recJzvO0cX4Tg8HKh,Geography: Grade 9,007.009.001,,,2 times/week 30 min * ,"G9,",GRADE(S): 9,"Students learn current and historical aspects of regional and world geography with map work.
","Also suitable for students in Grades 10-12.
",Geography,001.001.000*Prisoners of Geography: Ten Maps That Explain Everything About the World->Geography: Grade 9|001.003.000*Five Months on the Missouri River: Paddling a Dugout Canoe->Geography: Grade 9
recEemFl5Fyohl95X,Geography: Grade 10-11,007.010.001,,,2 times/week 40 min * ,"G10, G11,",GRADE(S): 10-11,"Students learn current and historical aspects of regional and world geography with map work.
","Suitable for 12th grade, and several books are shared with both 12th and 9th grade. If combining with 9th grade, it would be best to follow 9th grade lessons and add in other books as desired.
",Geography,001.003.000*Five Months on the Missouri River: Paddling a Dugout Canoe->Geography: Grade 10-11|001.003.000*Across This Land->Geography: Grade 10-11|002.003.000*Sufferings in Africa: The Astonishing Account of a New England Sea Captain Enslaved by North African Arabs->Geography: Grade 10-11|003.003.000*All Over the Map: A Cartographic Odyssey->Geography: Grade 10-11
recjbWhVcJf5Ouy3a,Geography: Grade 12,007.012.001,,,2 times/week 40 min * ,"G12,",GRADE(S): 12,"Focusing mainly on travelers and places important to the year's time period, students learn regional and world geography and practice mapwork. Additionally, students spend a term on North American regional geography and dive into political geography and the ramifications of national and regional borders, which continue into the present day.
","Can easily be combined with 10-11th grade.
",Geography,001.003.000*Five Months on the Missouri River: Paddling a Dugout Canoe->Geography: Grade 12|001.003.000*Across This Land->Geography: Grade 12|002.003.000*Sufferings in Africa: The Astonishing Account of a New England Sea Captain Enslaved by North African Arabs->Geography: Grade 12|003.003.000*The Power of Geography: Ten Maps that Reveal the Future of Our World->Geography: Grade 12
recCHapNtsJooytSB,History: Grade 1 (U.S.),008.001.001,,,1 time/week 10 min * ðŸ…ƒ,"G1,",GRADE(S): 1,"Get to know the diverse people who inhabited North America before Columbus arrived. Learn how they used what was available around them for food, shelter, clothing, and protection. Observe their customs and hear their stories.
",,History,001.001.000*The Very First Americans->History: Grade 1 (U.S.)|001.001.000*Frozen Land->History: Grade 1 (U.S.)|001.001.000*Tales the Totems Tell->History: Grade 1 (U.S.)|002.001.000*The Book of Indians->History: Grade 1 (U.S.)|002.001.000*Moonstick: The Seasons of the Sioux->History: Grade 1 (U.S.)|003.001.000*Hiawatha and the Peacemaker->History: Grade 1 (U.S.)|003.001.000*Itse Selu: Cherokee Harvest Festival->History: Grade 1 (U.S.)
rec5q2mTTsX5J913g,History: Grade 1 (Canada),008.001.002,,,1 time/week 10 min * ðŸ…ƒ,"G1,",GRADE(S): 1,"Get to know the diverse people who inhabited North America before the European explorers arrived. Learn how they used what was available around them for food, shelter, clothing, and protection. Observe their customs, hear their stories, and discover how they pass on their traditional knowledge today.
",,History,001.001.000*The Honour Drum->History: Grade 1 (Canada)|001.001.000*Come and Learn with Me->History: Grade 1 (Canada)|001.001.000*Thirteen Moons on Turtle's Back: A Native American Year of Moons->History: Grade 1 (Canada)|002.001.000*Moonstick: The Seasons of the Sioux->History: Grade 1 (Canada)|002.001.000*Maple Moon->History: Grade 1 (Canada)|003.001.000*On the Trapline->History: Grade 1 (Canada)|003.001.000*Hiawatha and the Peacemaker->History: Grade 1 (Canada)
recJIxZb1XZli9xOn,History: Grades 2-3 (U.S.),008.002.001,,,1 time/week 20 min * ðŸ…ƒ,"G2, G3,",GRADE(S): 2-3,"Read United States history stories from the current history cycle (1800-1900). View images and reference atlases and maps to set the people and events in their time and place. Update History Charts as appropriate for student level.
","History courses are on a four-year rotation. Students should follow the current Alveary rotation.
",History,001.003.000*America: Our Stories (Vol. 1)->History: Grades 2-3 (U.S.)|001.003.000*Moses: When Harriet Tubman Led Her People to Freedom->History: Grades 2-3 (U.S.)|002.003.000*Stories of America vol.2->History: Grades 2-3 (U.S.)|003.003.000*A Boy Called Slow->History: Grades 2-3 (U.S.)
recHTgJVYIMQRUCqi,History: Grades 2-3 (Canada),008.002.002,Canadian History: Grades 2-4,008.002.002.001,,"G2, G3,",GRADE(S): 2-3,"
","
",History,
recE5optfXT9zxsw5,History: Grade 4 (U.S.),008.004.001,"U.S. History: Grades 4-6, World History: Grades 4-6","008.004.001.001, 008.004.001.003",,"G4,",GRADE(S): 4,"
","
",History,
recghfQsTMR1SBjwB,History: Grade 4 (Canada),008.004.002,"Canadian History: Grades 2-4, World History: Grades 4-6","008.002.002.001, 008.004.001.003",,"G4,",GRADE(S): 4,"
","
",History,
rec2RKe5ltrOg6i2s,History: Grades 5-6 (U.S.),008.005.001,"U.S. History: Grades 4-6, World History: Grades 4-6, Ancient History: Grades 5-6","008.004.001.001, 008.004.001.003, 008.005.001.004",,"G5, G6,",GRADE(S): 5-6,"
",,History,
rec9r9r3HBVh9D3Bk,History: Grades 5-6 (Canada),008.005.002,"Canadian History: Grades 5-6, World History: Grades 4-6, Ancient History: Grades 5-6","008.005.002.001, 008.004.001.003, 008.005.001.004",,"G5, G6,",GRADE(S): 5-6,"
",,History,
recXs7i6rqLlwkcyu,History: Grades 7-8 (U.S.),008.007.001,"U.S. History: Grades 7-8, World History: Grades 7-8, Ancient History: Grades 7-9","008.007.001.001, 008.007.001.003, 008.007.001.006",,"G7, G8,",GRADE(S): 7-8,"
","
",History,
recws9yuKmAFWhfH1,History: Grades 7-8 (Canada),008.007.002,"Canadian History: Grades 7-8, World History: Grades 7-8, Ancient History: Grades 7-9","008.007.002.002, 008.007.001.003, 008.007.001.006",,"G7, G8,",GRADE(S): 7-8,"
","
",History,
recUG2Yrz42nNriXO,History: Grade 9 (U.S.),008.009.001,"U.S. History: Grade 9, World History: Grade 9, Ancient History: Grades 7-9","008.009.001.001, 008.009.001.003, 008.007.001.006",,"G9,",GRADE(S): 9,"
","
",History,
recmOqzBsnQfQr9Fk,History: Grade 9 (Canada),008.009.002,"Canadian History: Grades 9-10, World History: Grade 9, Ancient History: Grades 7-9","008.009.002.001, 008.009.001.003, 008.007.001.006",,"G9,",GRADE(S): 9,,,History,
recLExzdChHiV6eiV,History: Grades 10-12 (U.S.),008.010.000,"U.S. History: Grades 10-12, World History: Grades 10-12, Ancient History: Grades 10-12","008.010.001.001, 008.010.002.002, 008.010.000.003",,"G10, G11, G12,",GRADE(S): 10-12,,,History,
recuIhA3y15ipUpNe,History: Grade 10 (Canada),008.010.002,"Canadian History: Grades 9-10, World History: Grades 10-12, Ancient History: Grades 10-12","008.009.002.001, 008.010.002.002, 008.010.000.003",,"G10,",GRADE(S): 10,,,History,
recsJZYbLzpkdh0mj,History: Grades 11-12 (Canada),008.011.002,"Canadian History: Grades 11-12, World History: Grades 10-12, Ancient History: Grades 10-12","008.011.002.001, 008.010.002.002, 008.010.000.003",,"G11, G12,",GRADE(S): 11-12,,,History,
recbVmgtsnbd9QfGD,Latin 1 (Independent Study),009.007.001,,,2 times/week 45 min * ðŸ…ƒ,"G7,",GRADE(S): 7+,"Develop Latin reading proficiency through narratives about a Roman family. Study Latin grammar and vocabulary. Build mastery through copywork, composition, narration, and dictation.
","This course may be counted as 1/2 credit for High School and is based on the same text as the Latin 1 Video Course, but without the accountability and structure of an online course platform and recorded class videos. Students work through lesson plans for the course as in other subjects.
",Latin,001.001.001*North American Cambridge Latin Unit 1 5th Ed. Student Book->Latin 1 (Independent Study)|001.001.002*Cambridge Latin Unit 1 5th Ed. Teacher's Manual (Digital)->Latin 1 (Independent Study)|001.001.003*Cambridge Latin Unit 1 Online Resources->Latin 1 (Independent Study)
rec1Xe33HFAad2c3G,Latin 1 (Video Course),009.007.002,,,"2 times/week 45 min * â˜
2 times/week 15 min *or_ â˜","G7,",GRADE(S): 7+,"Develop Latin reading proficiency through narratives about a Roman family. Study Latin grammar and vocabulary. Build mastery through copywork, composition, narration, and more. This video course uses the same key text as the Latin 1 Independent Study course but is structured as a self-paced video course on an online course platform where students watch recorded class videos with Living Latin Magistra Angela Reed, submit narrations, complete quizzes, and track their work.
","This course may be counted as 1/2 credit for High School.
",Latin,001.001.001*Alveary Exclusive Cambridge Latin Unit 1 Online Course->Latin 1 (Video Course)|001.001.002*North American Cambridge Latin Unit 1 5th Ed. Student Book->Latin 1 (Video Course)
recF1FnEXl8c1k1Fl,Latin 2 (Independent Study),009.008.001,,,2 times/week 45 min * â¬”,"G8,",GRADE(S): 8+,"Develop Latin reading proficiency through narratives about a Roman family. Study Latin grammar and vocabulary. Build mastery through copywork, composition, narration, and dictation.
","Prerequisite: Level 1. Students just beginning Latin should start at Level 1. 

This course may be counted as 1/2 credit for High School and is based on the same text as the Latin 2 Video Course, but without the accountability and structure of an online course platform and recorded class videos. Students work through lesson plans for this course as in other subjects.
",Latin,001.001.001*North American Cambridge Latin Unit 2 5th Ed. Student Book->Latin 2 (Independent Study)|001.001.002*North American Cambridge Latin Unit 2 5th Ed. Student Book Answer Key->Latin 2 (Independent Study)|001.001.003*North American Cambridge Latin Unit 2 5th Ed. Teacher's Manual (Digital)->Latin 2 (Independent Study)|001.001.004*Cambridge Latin Unit 2 Online Resources->Latin 2 (Independent Study)
rec9p05SUvGdQqFO7,Latin 2 (Video Course),009.008.002,,,"2 times/week 45 min * â˜
2 times/week 15 min *or_ â˜","G8,",GRADE(S): 8+,"Develop Latin reading proficiency through narratives about a Roman family. Study Latin grammar and vocabulary. Build mastery through copywork, composition, narration, and more. This video course uses the same key text as the Latin 2 Independent Study course but is structured as a self-paced video course on an online course platform where students watch recorded class videos with Living Latin instructor Magistra Angela Reed, submit narrations, complete quizzes, and track their work.
","Prerequisite: Level 1. Students just beginning Latin should start at Level 1. This course may be counted as 1/2 credit for High School.
",Latin,001.001.001*Alveary Exclusive Cambridge Latin Unit 2 Online Course->Latin 2 (Video Course)|001.001.002*North American Cambridge Latin Unit 2 5th Ed. Student Book->Latin 2 (Video Course)|001.001.003*Lars Romam Odit: A Latin Novella->Latin 2 (Video Course)
recbAXXWXkhQdbTrE,Latin 3,009.009.001,,,2 times/week 30 min+ * ,"G9,",GRADE(S): 9+,"Continue to develop Latin reading proficiency through narratives about a Roman family. Study Latin grammar and vocabulary. Build mastery through copywork, composition, narration, and dictation.
","Prerequisite: Level 2. Students just beginning Latin should start at Level 1 and consider the optional online course.

NOTE: for Levels 3-4, students work through materials at their own pace, and lesson plans are not provided. This course may be counted as 1 credit for High School.
",Latin,001.001.001*North American Cambridge Latin Unit 3 5th Ed. ->Latin 3|001.001.002*Cambridge Latin Unit 3 5th Ed. Student Book Answer Key->Latin 3|001.001.003*Cambridge Latin Unit 3 4th Ed. Teacher's Manual (Digital)->Latin 3|001.001.004*Cambridge Latin Unit 3 Online Resources->Latin 3
recMUJaTJ67p5jVMY,Latin 4,009.010.001,,,2 times/week 30 min+ * ,"G10, G11, G12,",GRADE(S): 10-12+,"Continue to develop Latin reading proficiency through narratives about a Roman family and primary sources in Latin. Study Latin grammar, vocabulary, and culture.
","Prerequisite: Level 3. Students just beginning Latin should start at Level 1 and consider the optional online course.

NOTE: for Levels 3-4, students work through materials at their own pace, and lesson plans are not provided. This course may be counted as 1 credit for High School.
",Latin,001.001.001*Cambridge Latin Unit 4 5th Ed.->Latin 4|001.001.002*Cambridge Latin Unit 4 5th Ed. Teacher's Manual (Digital)->Latin 4|001.001.003*Cambridge Latin Unit 4 Online Resources->Latin 4
rec9lmWtXdrU3jSHO,Technology,010.000.009,,,2 times/week 30 min _ ,"G9, G10, G11, G12,",GRADE(S): 9-12,"This course will guide students in developing meaningful skills using modern tools. Students will work hands-on with various technologies, from digital media creation to coding. Throughout the course, they will explore foundational principles and use what they have learned to solve problems and create original media while reflecting on the implications of technology and considering questions about privacy, the digital divide, and the role of innovation in society.Â This course will equip students to think critically about the world of technology and its impact on their lives and future.

NOTE: Students need a Google email account, but no books are required for this course.
","May be suitable for Grades 7-8.
",Life Skills,
recZZNDbRzKrPaN5D,Health Elective (Beta),010.000.010,,,3 times/week 45 min *or_ â¬”,"G10, G11, G12,",GRADE(S): 10-12,"This course will provide the Â½ credit health requirement for those states that require it or elective credit for any student (two terms of lessons). Approached within a Charlotte Mason framework of focusing on the whole personhood of the student, this course will explore nutrition, mental health, and physical well-being.
","May be suitable for Grade 9 students
",Life Skills,001.002.000*A Simply Healthy Life->Health Elective (Beta)|001.002.000*Body into Balance: An Herbal Guide to Holistic Self-Care->Health Elective (Beta)|002.002.000*The Joy of Movement->Health Elective (Beta)|003.002.000*Eat Well and Feel Great->Health Elective (Beta)
recofNASItbLN2GCB,Sloyd: Intro,010.002.001,,,1 time/week 15 min * ðŸ…ƒ,"G1,",GRADE(S): 1+,"Complete assigned models for term, focusing on craftsmanship. Learn basic cutting and paper-folding techniques without the need to measure.

NOTE: There is no book for this course.
","All Grade 1 students should begin with this course.
",Life Skills,001.001.000*Paper Folding Video Lessons->Sloyd: Intro
recYTG9MRdgiltlD5,Sloyd: Level 1,010.002.002,,,1 time/week 15 min * ðŸ…ƒ,"G2,",GRADE(S): 2+,"Complete assigned models, focusing on craftsmanship. 1st-Year Models include simple boxes and envelopes based mainly on the square or rectangular prism.
","Grade 2 students who are new to sloyd should take Sloyd: Intro and then continue the courses in sequence.
",Life Skills,001.001.000*Paper Sloyd for Primary Grades->Sloyd: Level 1
recRefBpDHe8bvBjF,Sloyd: Level 2,010.002.003,,,1 time/week 20 min * â¬”,"G3,",GRADE(S): 3+,"Complete assigned models, focusing on craftsmanship. 2nd-Year Models include more complex envelopes and boxes.
","Grade 3 students who are new to sloyd should take Sloyd: Intro and then continue the courses in sequence.

Prerequisite: Sloyd: Level 1
",Life Skills,001.001.000*Paper Sloyd for Primary Grades->Sloyd: Level 2
recXKGlPdyYfXJDZY,Sloyd: Level 3,010.002.004,,,1 time/week 20 min _ â¬”,"G4,",GRADE(S): 4+,"Complete assigned models, focusing on craftsmanship. 3rd-Year Models include various cones and cylinders.
","Grade 4 students who are new to sloyd should begin with Sloyd: Level 1 and then continue courses in sequence.

Prerequisite: Sloyd: Level 2
",Life Skills,001.001.000*Paper Sloyd for Primary Grades->Sloyd: Level 3
recgESzLLnd2ZR8cn,Sloyd: Level 4,010.002.005,,,1 time/week 30 min _ â˜,"G5,",GRADE(S): 5+,"Complete assigned models, focusing on craftsmanship. The course covers ""Supplementary Models"" in Paper Sloyd for Primary Grades, which include various geometric shapes as bases.
","Grade 5 students who are new to sloyd should begin with Sloyd: Level 1 and then continue courses in sequence.

Prerequisite: Sloyd: Level 3
",Life Skills,001.001.000*Paper Sloyd for Primary Grades->Sloyd: Level 4
reclZXJopMkaFIGIq,Sloyd: Level 5,010.002.006,,,1 time/week 30 min _ â˜,"G6,",GRADE(S): 6+,"Complete assigned models, focusing on craftsmanship. Students work with paper to create 3-dimensional geometric shapes.
","Grade 6 students who are new to sloyd should begin with Sloyd: Level 1 and then continue courses in sequence.

Prerequisite: Sloyd: Level 4
",Life Skills,001.001.000*Sloyd->Sloyd: Level 5
rec18fvwcWROKwRu9,Sloyd: Level 6,010.002.007,,,1 time/week 45 min _ â˜,"G7,",GRADE(S): 7+,"Complete assigned models, focusing on craftsmanship. Students work with cardboard to create 3-dimensional geometric shapes.
","Grade 7 students who are new to Sloyd should begin with Sloyd: Level 1 and then continue courses in sequence.

Prerequisite: Sloyd: Level 5
",Life Skills,001.001.000*Sloyd->Sloyd: Level 6
recrFpPHtw3Q73WKF,Sloyd: Level 7,010.002.008,,,1 time/week 45 min _ â˜,"G8,",GRADE(S): 8+,"Focusing on their craftsmanship, students spend time honing their work in cardboard, choosing models to work on from a range of options.
","Grade 8 students who are new to sloyd should begin with Sloyd: Level 1 and then continue courses in sequence.

Prerequisite: Sloyd: Level 6
",Life Skills,001.001.000*Sloyd->Sloyd: Level 7
recGPYJ8F20tJ77NJ,Handicrafts,010.004.002,,,"1 time/week 20 min * ðŸ…ƒ (Grades 2-3)
1 time/week 30 min _ ðŸ…ƒ (Grades 4-12)","G2, G3, G4, G5, G6, G7, G8, G9, G10, G11, G12,",GRADE(S): 2-12,,,Life Skills,002.002.000*A Manual of Clay-Modelling->Handicrafts
recaNFVhLb9cQ69od,Sewing: Level 1,010.005.001,,,1 time/week 20 min * ðŸ…ƒ,"G1, G2, G3,",GRADE(S): 1-3,"Learn basic sewing skills. Then choose at least two projects per term. Make gifts.
","Beginners complete Lessons 1-12, which teach basic skills needed for projects.
",Life Skills,001.001.000*Sewing School->Sewing: Level 1
recphzOz02QtwWmTI,Sewing: Level 2,010.005.004,,,1 time/week 20 min _ â¬”,"G4, G5, G6,",GRADE(S): 4-6,"Practice sewing skills. Choose at least two projects per term. Make gifts.
","Students with no sewing experience should complete Lessons 1-12 of Level 1.
",Life Skills,001.001.000*The Amazing Stitching Handbook for Kids: 17 Embroidery Stitches->Sewing: Level 2
recqxe0MPp3Lz61Ry,Lettering: Level 1,010.006.007,,,1 time/week 20 min _ â˜,"G7,",GRADE(S): 7+,"Learn and practice lettering techniques to create meaningful and inspirational hand-lettered art. Lesson topics include: serifed, sans-serifed, and script fonts, line width and value, guidelines, outlines, and shadow lines, key principles of design, dimension, and shading. Each term concludes with a project, and skills can be used to create beautiful collections of mottoes and quotes in a Commonplace Book or for display or gifts.
","Suitable for interested younger students.
",Life Skills,001.001.000*The Complete Book of Chalk Lettering->Lettering: Level 1
recz1F63dCN1s8zYl,Lettering: Level 2,010.006.008,,,1 time/week 20 min _ ,"G8,",GRADE(S): 8+,"Continue building an artistic toolbox to create hand-lettered art. Students learn to make banners, frames, and borders and practice a variety of lettering styles, including retro, faceted, vintage circus, bubble, ribbon styles, and more. Skills can be used to create beautiful collections of mottoes and quotes in a Commonplace Book or for display or gifts.
","Prerequisite: Lettering Level 1
",Life Skills,001.001.000*The Complete Book of Chalk Lettering->Lettering: Level 2
recmMn3pYICegCygi,Lettering: Level 3,010.006.009,,,1 time/week 20 min _ ,"G9,",GRADE(S): 9+,"Practice techniques from previous levels in new mediums - watercolor, ink and brush, brush pen. Skills can be used to create beautiful collections of mottoes and quotes in a Commonplace Book or for display or gifts.
","Prerequisite: Lettering Level 2
",Life Skills,001.001.000*The Complete Book of Chalk Lettering->Lettering: Level 3
recgy9PIABsEwyDTQ,Keyboarding,010.007.004,,,2 times/week 30 min _ â¬”,"G4, G5, G6, G7, G8,",GRADE(S): 4-8,"Learn typing skills with guided instruction. Includes games for practice and reinforcement. Students learn the position of each letter, number, and symbol on the keyboard and advance from typing individual letters to simple words, then paragraphs and documents. Fluency is encouraged through word-per-minute goals.
","The Typing.com website contains a placement test. Take this first, and then progress at your own pace.
",Life Skills,001.001.000*Typing.com->Keyboarding
recQkVAkPcg3NKGnG,Literature: Grade 1,011.001.001,"Fairy Tales, Tall Tales/ Fables, Community Read Alouds: Grades 1-12","011.001.001.001, 011.001.001.002, 011.001.001.011",,"G1,",GRADE(S): 1,"
",,Literature,
recLo2yaJ9nFzW9Ir,Literature: Grade 2,011.001.002,"Mythology: Grade 2, Classic Lit.: Grade 2, Community Read Alouds: Grades 1-12","011.001.002.003, 011.001.002.004, 011.001.001.011",,"G2,",GRADE(S): 2,"
","
",Literature,
recc1whJbvhdYRqVf,Literature: Grade 3,011.001.003,"Lit./Mythology: Grade 3, General Lit.: Grade 3, Community Read Alouds: Grades 1-12","011.001.003.003, 011.001.003.005, 011.001.001.011",,"G3,",GRADE(S): 3,"
","
",Literature,
rec6S4wufY691nsui,Literature: Grade 4,011.001.004,"Mythology/Hist. Fiction: Grade 4, General Lit.: Grade 4","011.001.004.003, 011.001.004.005",,"G4,",GRADE(S): 4,"Overview note: Literature selections are chosen to encourage students to engage with rich ideas in literature and history and also to help them to gain independence in their reading and lessons.
","Overview note: Poetry lessons are an integral part of the whole Literature program, so look at both literature and poetry selections together when placing students.
",Literature,
recQaLjo9nTekdSYB,Literature: Grades 5-6,011.001.005,"Lit./Mythology: Grade 5-6, General Lit.: Grade 5-6","011.001.005.003, 011.001.005.005",,"G5, G6,",GRADE(S): 5-6,"Overview note: Literature selections are chosen to encourage students to engage with rich ideas in literature and history and also to help them to gain independence in their reading and lessons.
","Overview note: Poetry lessons are an integral part of the whole Literature program, so look at both literature and poetry selections together when placing students.
",Literature,
recGNjSnBxsRpw0L2,Literature: Grades 7-8,011.001.007,"Lit./Mythology: Grades 7-8, General Lit: Grades 7-8","011.001.007.003, 011.001.007.006",,"G7, G8,",GRADE(S): 7-8,"
","Poetry lessons are also an integral part of the whole Literature program, so look at both literature and poetry selections together when placing students.
",Literature,
rec0W9G7pHNhGaTjO,Literature: Grade 9,011.001.009,"General Lit.: Grades 9-10, History of Lit: Grades 9-12, Plays: Grades 9-12, Poetry Study: Grade 9, Poetry Reading: Grades 9-12","011.001.009.005, 011.001.009.007, 011.001.009.008, 011.001.009.009, 011.001.009.010",,"G9,",GRADE(S): 9,,,Literature,
rec8HrI9KDOPONv8f,Literature: Grade 10,011.001.010,"General Lit.: Grades 9-10, History of Lit: Grades 9-12, Plays: Grades 9-12, Poetry Study: Grade 10, Poetry Reading: Grades 9-12","011.001.009.005, 011.001.009.007, 011.001.009.008, 011.001.010.009, 011.001.009.010",,"G10,",GRADE(S): 10,,,Literature,
rec3QLtg0p5tgCNAj,Literature: Grades 11-12,011.001.011,"General Lit.: Grades 11-12, History of Lit: Grades 9-12, Plays: Grades 9-12, Poetry Study: Grades 11-12, Poetry Reading: Grades 9-12","011.001.011.005, 011.001.009.007, 011.001.009.008, 011.001.011.009, 011.001.009.010",,"G11, G12,",GRADE(S): 11-12,,,Literature,
recjJ2PgFC1yLjsc9,Shakespeare: Beginner Track,011.002.004,,,1 time/week 30 min * ðŸ…ƒ,"G4, G5, G6, G7, G8,",GRADE(S): 4-8,"Lessons for Grade 4 and/or those new to Shakespeare who would like a gentle on-ramp to the bard. Lessons cover A Midsummer Night's Dream over two terms.
","Older students can jump into any term of the regular Shakespeare lessons after finishing these, or just read this play and take off one term. 
",Literature,001.001.000*A Midsummer Night's Dream->Shakespeare: Beginner Track|001.001.000*A Midsummer Night's Dream (Audio recording)->Shakespeare: Beginner Track
reco8PHbwJd4HJMU8,Shakespeare: Grades 5-8,011.003.005,,,1 time/week 30 min * ðŸ…ƒ,"G5, G6, G7, G8,",GRADE(S): 5-8,"As foundational and influential English texts, students read three Shakespeare plays per year - usually a tragedy, comedy, and a history (occasionally also connected to the historical time period). This year's plays are The Tempest, Henry IV Part 2, and The Winter's Tale.
","Most Shakespeare lessons are shared with Grades 5-12. Students new to Shakespeare may choose to start with the Shakespeare Beginner Track lessons for two terms to ease into the plays.
",Literature,001.003.000*The Tempest->Shakespeare: Grades 5-8|001.003.000*The Tempest (Audio recording)->Shakespeare: Grades 5-8|002.003.000*Henry IV Part 2->Shakespeare: Grades 5-8|002.003.000*Henry IV Part 2 (Audio recording)->Shakespeare: Grades 5-8|003.003.000*The Winter's Tale->Shakespeare: Grades 5-8|003.003.000*The Winter's Tale (Audio recording)->Shakespeare: Grades 5-8
recCKYMTFjpceB5Dg,Poetry: Grades 1-4,011.004.001,,,5 times/week 5 min * ðŸ…ƒ,"G1, G2, G3, G4,",GRADE(S): 1-4,"Students learn to love the sounds and sight of words through daily poetry reading covering a wide variety of poems. They also enjoy short picture book biographies and accessible poems corresponding to the historical time period as relevant, and lesson plans occasionally point out interesting poetic features.
",,Literature,000.003.000*Emma's Poem: The Voice of the Statue of Liberty->Poetry: Grades 1-4
reca6jbwgK0feYMzh,Poetry: Grade 5,011.004.005,,,5 times/week 5 min * ðŸ…ƒ,"G5,",GRADE(S): 5,"Students learn to love the sounds and sight of words and appreciate history through daily poetry reading covering a wide variety of authors and poems, some of which correspond to the historical time period (1800-1900).
","Suitable for students in Grades 5+
",Literature,"000.003.000*Jump Back, Paul: The Life and Poems of Paul Laurence Dunbar->Poetry: Grade 5"
rec7ziOaiv3kYENdm,Poetry: Grade 6,011.004.006,,,5 times/week 5 min * ðŸ…ƒ,"G6,",GRADE(S): 6,"Students continue to develop their relationship with words through daily poetry reading. Alongside a survey of poetry and poetic forms, students focus on proverbs and poems that correspond to the historical time period (1800-1900).
","These lessons are shared with Grade 5, except for a further emphasis on poetic forms over time and poetry from the historical time period.
",Literature,
recYA8mFCWq9sCIOl,Poetry: Grade 7,011.004.007,"Poetry Study: Grade 7, Poetry Reading: Grade 7","011.004.007.009, 011.004.007.010",,"G7,",GRADE(S): 7,"
","
",Literature,
recJdR2afjp2M5Hli,Poetry: Grade 8,011.004.008,"Poetry Study: Grade 8, Poetry Reading: Grade 8","011.004.008.009, 011.004.008.010",,"G8,",GRADE(S): 8,"
","
",Literature,
rec8m6y5MmTFpp033,Mathematics: Grade 1,012.001.001,"Math Lessons: Grade 1, Math Games: Grades 1-8","012.001.001.001, 012.001.012.002",,"G1,",GRADE(S): 1,"
","
",Math,
recxrCynkX6ybFg1n,Mathematics: Grade 2,012.001.002,"Math Lessons: Grade 2, Math Games: Grades 1-8","012.001.002.001, 012.001.012.002",,"G2,",GRADE(S): 2,"
","
",Math,
recmjLEaM2UBX0ld5,Mathematics: Grade 3,012.001.003,"Math Lessons: Grade 3, Math Games: Grades 1-8","012.001.003.001, 012.001.012.002",,"G3,",GRADE(S): 3,"
","
",Math,
rec7WXp34DyEHCgw2,Mathematics: Grade 4,012.001.004,"Math Lessons: Grade 4, Math Games: Grades 1-8","012.001.004.001, 012.001.012.002",,"G4,",GRADE(S): 4,"
","
",Math,
recW6rrrRMWrhGcJ2,Mathematics: Grade 5,012.001.005,"Math Lessons: Grade 5, Math Games: Grades 1-8","012.001.005.001, 012.001.012.002",,"G5,",GRADE(S): 5,"
","
",Math,
recSb3nZWQVxmijSz,Mathematics: Grade 6,012.001.006,"Math Lessons: Grade 6, Math Games: Grades 1-8","012.001.006.001, 012.001.012.002",,"G6,",GRADE(S): 6,"
","
",Math,
recmY4SJFVuVD9PiR,Mathematics: Grade 7,012.001.007,"Pre-Algebra, Geometry: Grade 7, Math Games: Grades 1-8","012.001.007.002, 012.001.007.003, 012.001.012.002",,"G7,",GRADE(S): 7,"
","
",Math,
recvWaMgcOPtoe4WV,Mathematics: Grade 8,012.001.008,"Algebra 1: Part 1, Geometry: Grade 8, Math Games: Grades 1-8","012.001.008.002, 012.001.008.003, 012.001.012.002",,"G8,",GRADE(S): 8,"
","
",Math,
recw85yKqU6k2EkIi,Mathematics: Grade 9,012.001.009,"Algebra 1: Part 2, Geometry: Grade 9","012.001.009.002, 012.001.009.003",,"G9,",GRADE(S): 9,"
","
",Math,
recytUN4F28M1mecV,Mathematics: Grade 10,012.001.010,"Algebra/ Trig.: Grade 10, Geometry: Grade 10","012.001.010.002, 012.001.010.003",,"G10,",GRADE(S): 10,"
","
",Math,
recC7uAFSS7mlLYr1,Mathematics: Grade 11,012.001.011,,,5 times/week 40 min * ,"G11,",GRADE(S): 11,"Students continue lessons in Algebra 2/Trig and begin Precalculus if ready.
","Students should have facility with Algebra 1 before beginning Algebra 2/Trig.
",Math,001.001.000*Algebra and Trigonometry: Functions and Applications->Mathematics: Grade 11|001.001.000*Algebra 2/Trig Ancillary Materials->Mathematics: Grade 11|001.001.000*Home Study Companion: Algebra 2/Trigonometry->Mathematics: Grade 11|001.001.000*Home Study Companion: Precalculus->Mathematics: Grade 11
reckjXj6u4AumFRqU,Mathematics: Grade 12,012.001.012,,,5 times/week 40 min * ,"G12,",GRADE(S): 12,"Students continue or begin Precalculus or Calculus.
","Students should complete Algebra 2/Trig before beginning Pre Calc or Calculus.
",Math,001.001.000*Home Study Companion: Calculus->Mathematics: Grade 12
rech3p7fPR9avbcP7,Story of Arithmetic: Part 1,012.002.005,,,1 time/week 15 min *or_ â˜,"G5,",GRADE(S): 5,"This course gives students a glimpse into how the ideas that guide our study of arithmetic were first discovered.
","This course is intended as a precursor to Part 2; however, the order may be reversed to facilitate combining students.
",Math,"001.001.000*Number Stories of Long Ago->Story of Arithmetic: Part 1|001.001.000*Student World Atlas 6th Ed.->Story of Arithmetic: Part 1|001.001.000*Historical Atlas of the World 6th Ed.->Story of Arithmetic: Part 1|002.001.000*The Student Bible Atlas, Revised Edition->Story of Arithmetic: Part 1"
recaIV1xYhUgThc52,Story of Arithmetic: Part 2,012.002.006,,,1 time/week 15 min _ â˜,"G6,",GRADE(S): 6,"This course gives students a glimpse into how the ideas that guide our study of arithmetic were first discovered.
","This course is intended to follow Part 1; however, the order may be reversed to facilitate combining students.
",Math,001.001.000*Number Stories of Long Ago->Story of Arithmetic: Part 2|002.001.000*Student World Atlas 6th Ed.->Story of Arithmetic: Part 2|002.001.000*Historical Atlas of the World 6th Ed.->Story of Arithmetic: Part 2
recaORDZdhOnlg6Vz,Story of Geometry: Part 1,012.002.007,,,1 time/week 15 min _ â˜,"G7,",GRADE(S): 7,"This course gives students a glimpse into how the ideas that guide our study of geometry were first discovered.
","This course is intended as a precursor to Part 2; however, the order may be reversed to facilitate combining students.
",Math,"001.001.000*String, Straight-Edge, and Shadow->Story of Geometry: Part 1|002.001.000*The Student Bible Atlas, Revised Edition->Story of Geometry: Part 1|003.001.000*Historical Atlas of the World 6th Ed.->Story of Geometry: Part 1"
rec1R0AcwtxzksQqP,Mathematics: Grade 7 (Denison),012.002.007,"Math Lessons: Grade 7 (Denison), Math Games: Grades 1-8","012.002.007.001, 012.001.012.002",,"G7,",GRADE(S): 7,,,Math,
recXyDVhxTlc50p4e,Story of Geometry: Part 2,012.002.008,,,1 time/week 15 min _ â˜,"G8,",GRADE(S): 8,"This course gives students a glimpse into how the ideas that guide our study of geometry were first discovered.
","This course is intended to follow Part 1; however, the order may be reversed to facilitate combining students.
",Math,"001.001.000*String, Straight-Edge, and Shadow->Story of Geometry: Part 2"
recnnSWrzdlrkrYfc,Mathematics: Grade 8 (Denison),012.002.008,"Math Lessons: Grade 8 (Denison), Math Games: Grades 1-8","012.002.008.001, 012.001.012.002",,"G8,",GRADE(S): 8,,,Math,
recMVYDtXIDx79Kal,Mathematics: Grade 9 (Denison),012.002.009,,,5 times/week 40 min * ,"G9,",GRADE(S): 9,,,Math,001.001.000*Denison Geometry->Mathematics: Grade 9 (Denison)
recmRHzTJfthMyPmV,Mathematics: Grade 10 (Denison),012.002.010,,,5 times/week 40 min * ,"G10,",GRADE(S): 10,,,Math,001.001.000*Denison Algebra 2->Mathematics: Grade 10 (Denison)
recHni8yeohMOAxHE,Mathematics: Grade 11 (Denison),012.002.011,,,5 times/week 40 min * ,"G11,",GRADE(S): 11,,,Math,001.001.000*Denison Advanced Algebra & Trigonometry->Mathematics: Grade 11 (Denison)
recoPQAbrD0LGdLmj,Lower French: Grades 1-6,013.001.001,,,"3 times/week 20 min * ðŸ…ƒ (Grades 1-3)
5 times/week 20 min * ðŸ…ƒ (Grades 4-6)","G1, G2, G3, G4, G5, G6,",GRADE(S): 1-6,"Study the target language for conversation and literacy. Through picture study and the simplified fairy tales, students learn vocabulary, create sentences, and answer questions in the target language. Videos that teach the vocabulary using gestures are included in the lessons. Audio files for pronunciation help are provided as well.
","Three lessons each week are shared between Grades 1-6, but students in Grades 4-6 add two additional grammar lessons. This course is on a six-year rotation of lessons, so it is suitable for students who took Lower French last year or students just starting their studies.
",Modern Language,001.003.000*French: Student Notebook->Lower French: Grades 1-6|001.001.002*French: Grades 1-6 SoundCloud Playlists->Lower French: Grades 1-6
recPaxL20DuphqbLV,Upper French: Level 1,013.001.007,,,5 times/week 30 min * â¬”,"G7,",GRADE(S): 7+,"Study target language using interactive readings and grammar exercises.
","All students in Grades 7+ (regardless of language background) should take French: Level 1.
",Modern Language,001.001.001*Primary French Course Part I->Upper French: Level 1|001.001.002*French: Level 1 SoundCloud Playlist->Upper French: Level 1|001.001.003*French: Level 1 Student Notebook->Upper French: Level 1|001.001.004*Les plus belles fables de La Fontaine->Upper French: Level 1
recZDXlQ7cb9GIkH5,Upper French: Level 2,013.001.008,,,5 times/week 30 min * â¬”,"G8,",GRADE(S): 8+,"Study target language using interactive readings and grammar exercises.
","Prerequisite: French: Level 1
",Modern Language,001.001.001*Primary French Course Part I->Upper French: Level 2|001.001.002*French: Level 2 SoundCloud Playlist->Upper French: Level 2|001.001.003*French: Level 2 Student Notebook->Upper French: Level 2
recYp9OvKiLhPcBLq,Upper French: Level 3,013.001.009,,,5 times/week 30 min * ,"G9,",GRADE(S): 9+,"Study target language using interactive readings and grammar exercises.
","Prerequisite: French: Level 2
",Modern Language,001.001.001*Primary French Course Part I->Upper French: Level 3|001.001.002*French: Level 3 SoundCloud Playlist->Upper French: Level 3|001.001.003*French: Level 3 Student Notebook->Upper French: Level 3
recn6vdxCzSFoH8RW,Upper French: Level 4,013.001.010,,,5 times/week 30 min * ,"G10, G11, G12,",GRADE(S): 10-12,"Study target language using interactive readings and grammar exercises.
","Prerequisite: French: Level 3
",Modern Language,001.001.001*Primary French Course Part I->Upper French: Level 4|001.001.002*French: Level 4 SoundCloud Playlist->Upper French: Level 4|001.001.003*French: Level 4 Student Notebook->Upper French: Level 4
recJuN8tcBP1kh3AG,Lower Spanish: Grades 1-6,013.002.001,,,"3 times/week 20 min * ðŸ…ƒ (Grades 1-3)
5 times/week 20 min * ðŸ…ƒ (Grades 4-6)","G1, G2, G3, G4, G5, G6,",GRADE(S): 1-6,"Alveary Modern Language Lessons are designed to mirror the way children acquire their first language, using methods like gestures, picture recognition, songs, repeated phrases, and storytelling to create meaningful connections and context. These foundational approaches are seamlessly adapted to teach school-age children a second language.

The lessons are designed to be open-and-go with optional video/audio file support. They do not require any background in the target language for the parent/teacher or students. They only take about 15-20 min a day and can be easily adjusted to meet a variety of grade ranges from 1st to 6th grades.
","Three lessons each week are shared between Grades 1-6, but students in Grades 4-6 add two additional extension day lessons. This course is on a six-year rotation of lessons, so it is suitable for students who took Lower Spanish last year or students just starting their studies.

Students in grade 4+ who feel anxious about speaking a new language may benefit from taking a year without the added extension days. This approach allows them to build confidence and comfort before focusing on speaking and writing.
",Modern Language,001.002.000*Diez Deditos (Audio mp3)->Lower Spanish: Grades 1-6|001.003.000*Spanish: Student Notebook->Lower Spanish: Grades 1-6|001.003.000*FÃ¡bulas de Esopo: EdiciÃ³n ClÃ¡sica->Lower Spanish: Grades 1-6|001.003.000*Family Pictures/Cuadros de familia->Lower Spanish: Grades 1-6|001.002.004*Diez Deditos and Other Play Rhymes and Action Songs from Latin America->Lower Spanish: Grades 1-6|001.002.005*Spanish: Grades 1-6 SoundCloud Playlists->Lower Spanish: Grades 1-6
recRNi3w2EE4sVeSN,Upper Spanish: Level 1,013.002.007,,,5 times/week 30 min * â¬”,"G7,",GRADE(S): 7+,"Study target language using interactive readings and grammar exercises.
","All students in Grades 7+ (regardless of language background) should take Spanish: Level 1. 
Optional: Begin studying second modern language. Students who choose to do this should begin with Level 1 in the second language.
",Modern Language,001.001.001*The Tree is Older Than You Are: A Bilingual Gathering of Poems & Stories from Mexico with Paintings by Mexican Artists->Upper Spanish: Level 1|001.001.003*Spanish: Level 1 SoundCloud Playlist->Upper Spanish: Level 1|001.001.004*Spanish: Level 1 Student Notebook->Upper Spanish: Level 1|001.001.002*The Harvest Birds/Los pÃ¡jaros de la cosecha->Upper Spanish: Level 1
recV53md70EJ7GRxT,Upper Spanish: Level 2,013.002.008,,,5 times/week 30 min * â¬”,"G8,",GRADE(S): 8+,"Study target language using interactive readings and grammar exercises.
","Prerequisite: Spanish Level 1
",Modern Language,001.001.001*The Tree is Older Than You Are: A Bilingual Gathering of Poems & Stories from Mexico with Paintings by Mexican Artists->Upper Spanish: Level 2|001.001.002*Spanish: Level 2 SoundCloud Playlist->Upper Spanish: Level 2|001.001.003*Spanish: Level 2 Student Notebook->Upper Spanish: Level 2
reccuJuwCb6RJa9FQ,Upper Spanish: Level 3,013.002.009,,,5 times/week 30 min * ,"G9,",GRADE(S): 9+,"Study target language using interactive readings and grammar exercises.
","Prerequisite: Spanish Level 2
",Modern Language,001.001.001*The Tree is Older Than You Are: A Bilingual Gathering of Poems & Stories from Mexico with Paintings by Mexican Artists->Upper Spanish: Level 3|001.001.004*Spanish: Level 3 SoundCloud Playlist->Upper Spanish: Level 3|001.001.005*Spanish: Level 3 Student Notebook->Upper Spanish: Level 3|001.001.002*Cuentos que contaban nuestras abuelas (Tales Our Abuelitas Told)->Upper Spanish: Level 3|001.001.003*Tales Our Abuelitas Told: A Hispanic Folktale Collection->Upper Spanish: Level 3
rec0LHKkuctt5GP2E,Upper Spanish: Level 4,013.002.010,,,5 times/week 30 min * ,"G10,",GRADE(S): 10+,"Study target language using interactive readings and grammar exercises.
","Prerequisite: Spanish Level 3
",Modern Language,001.001.001*The Tree is Older Than You Are: A Bilingual Gathering of Poems & Stories from Mexico with Paintings by Mexican Artists->Upper Spanish: Level 4|001.001.004*Spanish: Level 4 SoundCloud Playlist->Upper Spanish: Level 4|001.001.005*Spanish: Level 4 Student Notebook->Upper Spanish: Level 4|001.001.002*Cuentos que contaban nuestras abuelas (Tales Our Abuelitas Told)->Upper Spanish: Level 4|001.001.003*Tales Our Abuelitas Told: A Hispanic Folktale Collection->Upper Spanish: Level 4
recHL4qMeuNntUQO7,Upper Spanish: Level 5,013.002.011,,,5 times/week 30 min * ,"G11, G12,",GRADE(S): 11-12,"Study target language using interactive readings and grammar exercises.
","Prerequisite: Spanish Level 4
",Modern Language,001.002.001*The Tree is Older Than You Are: A Bilingual Gathering of Poems & Stories from Mexico with Paintings by Mexican Artists->Upper Spanish: Level 5|001.002.004*Spanish: Level 5 SoundCloud Playlist->Upper Spanish: Level 5|001.002.005*Spanish: Level 5 Student Notebook->Upper Spanish: Level 5|001.001.002*Cuentos que contaban nuestras abuelas (Tales Our Abuelitas Told)->Upper Spanish: Level 5|001.001.003*Tales Our Abuelitas Told: A Hispanic Folktale Collection->Upper Spanish: Level 5
recGxKOwi4E5amNPe,Music: Intro,014.001.001,"Music Appreciation, Hymns & Spirituals, Folk Songs, Sol-fa: Musical Games, Afternoon Listening","014.001.001.001, 014.001.001.003, 014.001.001.004, 014.001.001.005, 014.001.001.006",,"G1,",GRADE(S): 1+,"
","Music: Intro shares Folk Songs and Hymns & Spirituals with Grades 2-12. In Grades 2-12, all music lessons except sol-fa are shared between them, making them ideal lessons for multi-age groups. 
",Music,001.003.000*Our Work: Grades 1-2->Music: Intro
rec15PtNAJs6tYrdL,Music: Level 1,014.002.002,"Composer Study, Hymns & Spirituals, Folk Songs, Sol-fa: Level 1, Afternoon Listening","014.002.002.002, 014.001.001.003, 014.001.001.004, 014.002.002.005, 014.001.001.006",,"G2,",GRADE(S): 2+,"
","All music lessons except sol-fa are shared between Grades 2-12, making them ideal lessons for multi-age groups.
",Music,001.003.000*Our Work: Grades 1-2->Music: Level 1
recaWyew9abtlktQB,Music: Level 2,014.003.003,"Composer Study, Hymns & Spirituals, Folk Songs, Sol-fa: Level 2, Afternoon Listening","014.002.002.002, 014.001.001.003, 014.001.001.004, 014.003.003.005, 014.001.001.006",,"G3,",GRADE(S): 3+,"
","
",Music,
recSybgW92Wd2KXg9,Music: Level 3,014.004.004,"Composer Study, Hymns & Spirituals, Folk Songs, Sol-fa: Level 3, Afternoon Listening","014.002.002.002, 014.001.001.003, 014.001.001.004, 014.004.004.005, 014.001.001.006",,"G4,",GRADE(S): 4+,"
","
",Music,001.003.000*Our Work: Grade 3->Music: Level 3|001.003.000*Our Work: Grades 4-6->Music: Level 3
recSKUZb0ksqYDJc1,Music: Level 4,014.005.005,"Composer Study, Hymns & Spirituals, Folk Songs, Sol-fa: Level 4, Afternoon Listening","014.002.002.002, 014.001.001.003, 014.001.001.004, 014.005.005.005, 014.001.001.006",,"G5,",GRADE(S): 5+,"
","
",Music,001.003.000*Our Work: Grades 4-6->Music: Level 4
recU2BFWNK9nliynJ,Music: Level 5,014.006.006,"Composer Study, Hymns & Spirituals, Folk Songs, Sol-fa: Level 5, Afternoon Listening","014.002.002.002, 014.001.001.003, 014.001.001.004, 014.006.006.005, 014.001.001.006",,"G6, G7, G8, G9, G10, G11, G12,",GRADE(S): 6-12,"
","
",Music,001.003.000*Our Work: Grades 4-6->Music: Level 5|001.003.000*Our Work: Grades 7-8->Music: Level 5|001.003.000*Our Work: Grades 9-12->Music: Level 5
recwl5xDJS9vaIypY,Sol-fa: Fast Track,014.007.005,,,1 time/week 15 min * ðŸ…ƒ,"G5, G6, G7, G8, G9, G10, G11, G12,",GRADE(S): 5-12,"An accelerated course through sol-fa concepts covered in levels 1-3. Through video instruction, students will practice ear-training, Curwen hand-signs, and singing intervals from the solfa ladder. The lessons include exercises in multiple keys, time signatures, and with various rhythms. Students should already be loosely familiar with foundational music concepts such as note duration, time signatures, and how to read music on the staff.

Skills Focus: ear-training, interval recognition, sol-fa syllables, Curwen hand signs, sight-reading.
","May be suitable for a 4th grader who has knowledge of basic music concepts.
",Music,
recmP9cJzBYzOrJ3h,PE: Grades 1-3,015.001.001,"Playground Songs & Rhymes, Jump Rope, Free Play, Folk Dancing","015.001.001.001, 015.001.001.002, 015.001.001.003, 015.001.001.004",,"G1, G2, G3,",GRADE(S): 1-3,"
",,Physical Education,
rec0hzDU71YgsZgiR,PE: Grades 4-6,015.004.002,"Playground Games, Sports, Free Play/ Circuits, Folk Dancing","015.004.002.001, 015.004.002.002, 015.004.002.003, 015.001.001.004",,"G4, G5, G6,",GRADE(S): 4-6,"
",,Physical Education,
recMETLbuJrYJqEt1,PE: Grades 7-12,015.007.003,"Playground Games, Sports, Free Play/ Circuits, Historic Dancing","015.004.002.001, 015.004.002.002, 015.004.002.003, 015.007.003.004",,"G7, G8, G9, G10, G11, G12,",GRADE(S): 7-12,"
",,Physical Education,
recd3Rk2unWYZgixW,Science: Grade 1,016.001.002,"General Science: Grade 1, Natural History: Grade 1, Nature Notebook: Grade 1, Nature Walks & Scouting: Grades 1-8","016.001.002.001, 016.001.002.002, 016.001.002.004, 016.001.002.005",,"G1,",GRADE(S): 1,"In Level 1, learners are developing familiarity and friendship with Creation through the most accessible Things, simple text, and basic concepts.
","For first-grade students or those still growing their attention span or interest in books. If combining grades is desirable, it is recommended that the combined grades begin at the appropriate level and move forward together.
",Science,
reciqxXCmGbHxO5Yi,Science: Grade 2,016.002.002,"General Science: Grade 2, Natural History: Grade 2, Nature Notebook: Grade 2, Nature Walks & Scouting: Grades 1-8","016.002.002.001, 016.002.002.002, 016.002.002.004, 016.001.002.005",,"G2,",GRADE(S): 2,"In level 2, learners are developing familiarity and friendship with Creation through a broader scope of Things, more challenging text, and slightly more abstract concepts.
","For second-grade students or possibly hungry first-graders and third-graders taking their time. If combining grades is desirable, it is recommended that the combined grades begin at the appropriate level and move forward together.
",Science,
recQMEi3IyNcsqebg,Science: Grade 3,016.003.002,"General Science: Grade 3, Natural History: Grade 3, Nature Notebook: Grade 3, Nature Walks & Scouting: Grades 1-8","016.003.002.001, 016.003.002.002, 016.003.002.004, 016.001.002.005",,"G3,",GRADE(S): 3,"In level 3, learners are developing familiarity and friendship with Creation through a broader scope of Things, more challenging text, and more abstract concepts.
","This level 3 course is for third-grade students or possibly hungry second-graders or fourth-graders taking their time. If combining grades is desirable, it is recommended that the combined grades begin at the appropriate level and move forward together.
",Science,
recAooMLNY6bb34bg,Science: Grade 4,016.004.002,"General Science: Grade 4, Natural History: Grade 4, Labs: Grade 4, Nature Notebook: Grade 4, Nature Walks & Scouting: Grades 1-8","016.004.002.001, 016.004.002.002, 016.004.002.003, 016.004.002.004, 016.001.002.005",,"G4,",GRADE(S): 4,"In level 4, learners begin to notice science in their community and begin to develop their own interests as they discover a variety of topics from the microscopic world, physical science, and more.Â A mixture of more and less challenging books is included in this course.
","For fourth-grade students or possibly hungry third-graders or fifth-graders taking their time. If combining grades is desirable: the combined grades may begin at the appropriate level and move forward together. Learners may stay at their appropriate level for General Science while combining Natural History and Outdoor Work, or teachers can adapt the reading level and laboratory content to meet their needs.
",Science,
recq8k84Ven5CZX4C,Science: Grade 5,016.005.002,"General Science: Grade 5, Natural History: Grade 5, Labs: Grade 5, Nature Notebook: Grade 5, Nature Walks & Scouting: Grades 1-8","016.005.002.001, 016.005.002.002, 016.005.002.003, 016.005.002.004, 016.001.002.005",,"G5,",GRADE(S): 5,"In level 5, learners expand their knowledge of science in their world and continue building personal connections as they discover a variety of topics from botany, astronomy, and more.
","For fifth-grade students or possibly hungry fourth-graders or sixth-graders taking their time.Â If combining grades is desirable: The combined grades may begin at the appropriate level and move forward together. Learners may stay at their appropriate level for General Science while combining Natural History and Outdoor Work, or teachers can adapt the laboratory content and reading level to meet their needs.
",Science,
reczJaAXPgqwXQPsz,Science: Grade 6,016.006.002,"General Science: Grade 6, Natural History: Grade 6, Labs: Grade 6, Nature Notebook: Grade 6, Nature Walks & Scouting: Grades 1-8","016.006.002.001, 016.006.002.002, 016.006.002.003, 016.006.002.004, 016.001.002.005",,"G6,",GRADE(S): 6,"In level 6, learners expand their knowledge of science in their world and continue building personal connections as they discover a variety of topics from oceanography, architecture, and more.Â Reading level and time required are transitional as we gently prepare for the middle grades.
","For sixth-grade students or possibly hungry fifth-graders or seventh-graders taking their time.Â  If combining grades is desirable: The combined grades may begin at the appropriate level and move forward together. Learners may stay at their appropriate level for General Science while combining Natural History and Outdoor Work, or teachers can adapt the laboratory content and reading level to meet their needs.
",Science,
rec9gyYrqX7Oeugm6,Science: Grade 7,016.007.002,"General Science: Grade 7, Natural History: Grade 7, Labs: Grade 7, Nature Notebook: Grade 7, Nature Walks & Scouting: Grades 1-8","016.007.002.001, 016.007.002.002, 016.007.002.003, 016.007.002.004, 016.001.002.005",,"G7,",GRADE(S): 7,"In level 7, learners extend their relationship with science in a new direction (time), situating science in its historical, political, and cultural context, and beginning to understand that science is an ever-changing process rather than a static body of knowledge.Â Reading level and expectation increase from previous levels.
","For seventh-grade students or possibly hungry sixth-graders or eighth-graders taking their time.Â If combining grades is desirable, the combined grades may begin at the appropriate level and move forward together. Learners may stay at their appropriate level for General Science while combining Natural History and Outdoor Work, or teachers can adapt the laboratory content and reading level to meet their needs.
",Science,
recWNjr2g4UPXUMUZ,Science: Grade 8,016.008.002,"General Science: Grade 8, Natural History: Grade 8, Labs: Grade 8, Nature Notebook: Grade 8, Nature Walks & Scouting: Grades 1-8","016.008.002.001, 016.008.002.002, 016.008.002.003, 016.008.002.004, 016.001.002.005",,"G8,",GRADE(S): 8,"In level 8, learners study science in its historical, political, and cultural context, and with a growing understanding that science is an ever-changing process rather than a static body of knowledge.Â Reading level and expectation increase from previous levels.
","For eighth-grade students or possibly hungry seventh graders or ninth graders taking their time.Â If combining grades is desirable: the combined grades may begin at the appropriate level and move forward together. Learners may stay at their appropriate level for General Science while combining Natural History and Outdoor Work, or teachers can adapt the laboratory content and reading level to meet their needs.
",Science,
recSV0InAnVRkUhG7,Science: Chemistry,016.009.002,"Chemistry Lessons, Chemistry Labs, Nature Notebook: Grades 9-12, Nature Walks & Scouting: Grades 9-12","016.009.002.001, 016.009.002.003, 016.009.002.004, 016.009.002.005",,"G9, G10, G11, G12,",GRADE(S): 9-12+,"
","
",Science,
recpEmtJeBr6l5oV8,Science: Biology,016.010.002,"Biology Labs, Nature Notebook: Grades 9-12, Nature Walks & Scouting: Grades 9-12","016.010.002.002, 016.009.002.004, 016.009.002.005",,"G10, G11, G12,",GRADE(S): 10-12+,"
","
",Science,
recgwYscXzqbmjffJ,Science: Physics,016.011.002,"Physics Lessons, Physics Labs, Nature Notebook: Grades 9-12, Nature Walks & Scouting: Grades 9-12","016.011.002.001, 016.011.002.003, 016.009.002.004, 016.009.002.005",,"G11, G12,",GRADE(S): 11-12,"
","
",Science,
recrhRvDTMhhDMfp7,Science: Botany,017.009.001,"Botany Lessons, Botany Labs, Nature Notebook: Grades 9-12, Nature Walks & Scouting: Grades 9-12","017.009.001.001, 017.009.001.002, 016.009.002.004, 016.009.002.005",,"G9, G10, G11, G12,",GRADE(S): 9-12,"
",,Alt. Science Options,
recWaFPHwfSbZaTdp,Science: Advanced Nature Study,017.009.002,"Advanced Nature Study Lessons, Advanced Nature Study Afternoon Work","017.009.002.001, 017.009.002.002",,"G9, G10, G11, G12,",GRADE(S): 9-12,"
","
",Alt. Science Options,
rechCQYHXFbtOHxO7,Science: Geology,017.011.003,"Geology Lessons, Geology Labs, Nature Notebook: Grades 9-12, Nature Walks & Scouting: Grades 9-12","017.011.003.001, 017.011.003.002, 016.009.002.004, 016.009.002.005",,"G11, G12,",GRADE(S): 11-12,"
",,Alt. Science Options,
rec1cxxBHRBfT6T9a,Science: Astronomy,017.012.004,"Astronomy Lessons, Astronomy Labs, Nature Notebook: Grades 9-12, Nature Walks & Scouting: Grades 9-12","017.012.004.001, 017.012.004.002, 016.009.002.004, 016.009.002.005",,"G12,",GRADE(S): 12,"
",,Alt. Science Options,
recmbtUVxlW0bO2jV,Science: Microbiology,017.012.005,"Microbiology Lessons, Microbiology Labs, Nature Notebook: Grades 9-12, Nature Walks & Scouting: Grades 9-12","017.012.005.001, 017.012.005.002, 016.009.002.004, 016.009.002.005",,"G12,",GRADE(S): 12,"
","
",Alt. Science Options,
